Mobile phone,URL,Prices
"SAMSUNG Galaxy F12 (Sky Blue, 64 GB)",/samsung-galaxy-f12-sky-blue-64-gb/p/itm0319ce24f74aa?pid=MOBGFG79BVGDHGWV&lid=LSTMOBGFG79BVGDHGWVGF2CRI&marketplace=FLIPKART&q=samsung+mobiles&store=tyy%2F4io&srno=s_1_1&otracker=AS_QueryStore_OrganicAutoSuggest_1_10_na_na_ps&otracker1=AS_QueryStore_OrganicAutoSuggest_1_10_na_na_ps&fm=SEARCH&iid=8d84004a-cb76-455a-ae6a-60adefa75908.MOBGFG79BVGDHGWV.SEARCH&ppt=sp&ppn=sp&ssid=zd6b5v5mzthw7m681631597415596&qH=0258c7d48242959a,"₹11,499"
"SAMSUNG Galaxy F22 (Denim Blue, 128 GB)",/samsung-galaxy-f22-denim-blue-128-gb/p/itm30c755943bea0?pid=MOBG43UGRSMJXTMH&lid=LSTMOBG43UGRSMJXTMH3SYSZ3&marketplace=FLIPKART&q=samsung+mobiles&store=tyy%2F4io&srno=s_1_2&otracker=AS_QueryStore_OrganicAutoSuggest_1_10_na_na_ps&otracker1=AS_QueryStore_OrganicAutoSuggest_1_10_na_na_ps&fm=SEARCH&iid=8d84004a-cb76-455a-ae6a-60adefa75908.MOBG43UGRSMJXTMH.SEARCH&ppt=sp&ppn=sp&ssid=zd6b5v5mzthw7m681631597415596&qH=0258c7d48242959a,"₹14,999"
"SAMSUNG Galaxy F22 (Denim Black, 64 GB)",/samsung-galaxy-f22-denim-black-64-gb/p/itm6f47a19cb79ae?pid=MOBG43UGC3PYCBZF&lid=LSTMOBG43UGC3PYCBZFPZLL2Q&marketplace=FLIPKART&q=samsung+mobiles&store=tyy%2F4io&srno=s_1_3&otracker=AS_QueryStore_OrganicAutoSuggest_1_10_na_na_ps&otracker1=AS_QueryStore_OrganicAutoSuggest_1_10_na_na_ps&fm=SEARCH&iid=8d84004a-cb76-455a-ae6a-60adefa75908.MOBG43UGC3PYCBZF.SEARCH&ppt=sp&ppn=sp&ssid=zd6b5v5mzthw7m681631597415596&qH=0258c7d48242959a,"₹12,999"
"SAMSUNG Galaxy F22 (Denim Black, 128 GB)",/samsung-galaxy-f22-denim-black-128-gb/p/itm9f921a1b4f96c?pid=MOBG43UGFGYU4K4B&lid=LSTMOBG43UGFGYU4K4BEILLGH&marketplace=FLIPKART&q=samsung+mobiles&store=tyy%2F4io&srno=s_1_4&otracker=AS_QueryStore_OrganicAutoSuggest_1_10_na_na_ps&otracker1=AS_QueryStore_OrganicAutoSuggest_1_10_na_na_ps&fm=SEARCH&iid=8d84004a-cb76-455a-ae6a-60adefa75908.MOBG43UGFGYU4K4B.SEARCH&ppt=sp&ppn=sp&ssid=zd6b5v5mzthw7m681631597415596&qH=0258c7d48242959a,"₹14,999"
"SAMSUNG M31 (Ocean Blue, 128 GB)",/samsung-m31-ocean-blue-128-gb/p/itm3434b26d12b3e?pid=MOBFPNPSZYJXQZCM&lid=LSTMOBFPNPSZYJXQZCMYQQOS5&marketplace=FLIPKART&q=samsung+mobiles&store=tyy%2F4io&srno=s_1_5&otracker=AS_QueryStore_OrganicAutoSuggest_1_10_na_na_ps&otracker1=AS_QueryStore_OrganicAutoSuggest_1_10_na_na_ps&fm=SEARCH&iid=8d84004a-cb76-455a-ae6a-60adefa75908.MOBFPNPSZYJXQZCM.SEARCH&ppt=sp&ppn=sp&ssid=zd6b5v5mzthw7m681631597415596&qH=0258c7d48242959a,"₹16,706"
"SAMSUNG Galaxy F22 (Denim Blue, 64 GB)",/samsung-galaxy-f22-denim-blue-64-gb/p/itmce0a6baf0d54d?pid=MOBG43UGBTGGB99V&lid=LSTMOBG43UGBTGGB99VLZACSD&marketplace=FLIPKART&q=samsung+mobiles&store=tyy%2F4io&srno=s_1_6&otracker=AS_QueryStore_OrganicAutoSuggest_1_10_na_na_ps&otracker1=AS_QueryStore_OrganicAutoSuggest_1_10_na_na_ps&fm=SEARCH&iid=8d84004a-cb76-455a-ae6a-60adefa75908.MOBG43UGBTGGB99V.SEARCH&ppt=sp&ppn=sp&ssid=zd6b5v5mzthw7m681631597415596&qH=0258c7d48242959a,"₹12,999"
"SAMSUNG M01 core (Black, 32 GB)",/samsung-m01-core-black-32-gb/p/itm608a437cc6d05?pid=MOBFUAEBGXVGX5US&lid=LSTMOBFUAEBGXVGX5USMCITWU&marketplace=FLIPKART&q=samsung+mobiles&store=tyy%2F4io&srno=s_1_7&otracker=AS_QueryStore_OrganicAutoSuggest_1_10_na_na_ps&otracker1=AS_QueryStore_OrganicAutoSuggest_1_10_na_na_ps&fm=SEARCH&iid=8d84004a-cb76-455a-ae6a-60adefa75908.MOBFUAEBGXVGX5US.SEARCH&ppt=sp&ppn=sp&ssid=zd6b5v5mzthw7m681631597415596&qH=0258c7d48242959a,"₹6,899"
SAMSUNG Guru 1200,/samsung-guru-1200/p/itme6gz6jczu5ygz?pid=MOBDADKKAEHYYA3G&lid=LSTMOBDADKKAEHYYA3GSKWVPY&marketplace=FLIPKART&q=samsung+mobiles&store=tyy%2F4io&srno=s_1_8&otracker=AS_QueryStore_OrganicAutoSuggest_1_10_na_na_ps&otracker1=AS_QueryStore_OrganicAutoSuggest_1_10_na_na_ps&fm=SEARCH&iid=8d84004a-cb76-455a-ae6a-60adefa75908.MOBDADKKAEHYYA3G.SEARCH&ppt=sp&ppn=sp&ssid=zd6b5v5mzthw7m681631597415596&qH=0258c7d48242959a,"₹1,410"
SAMSUNG Guru Music 2,/samsung-guru-music-2/p/itmdz9am8xehucbx?pid=MOBDZ9AMJ472Y9MW&lid=LSTMOBDZ9AMJ472Y9MWC72SB0&marketplace=FLIPKART&q=samsung+mobiles&store=tyy%2F4io&srno=s_1_9&otracker=AS_QueryStore_OrganicAutoSuggest_1_10_na_na_ps&otracker1=AS_QueryStore_OrganicAutoSuggest_1_10_na_na_ps&fm=SEARCH&iid=8d84004a-cb76-455a-ae6a-60adefa75908.MOBDZ9AMJ472Y9MW.SEARCH&ppt=sp&ppn=sp&ssid=zd6b5v5mzthw7m681631597415596&qH=0258c7d48242959a,"₹1,950"
SAMSUNG Guru 1200,/samsung-guru-1200/p/itmeb6wxfgbxphcw?pid=MOBDADMTTV7HXGTF&lid=LSTMOBDADMTTV7HXGTFPS3U0T&marketplace=FLIPKART&q=samsung+mobiles&store=tyy%2F4io&srno=s_1_10&otracker=AS_QueryStore_OrganicAutoSuggest_1_10_na_na_ps&otracker1=AS_QueryStore_OrganicAutoSuggest_1_10_na_na_ps&fm=SEARCH&iid=8d84004a-cb76-455a-ae6a-60adefa75908.MOBDADMTTV7HXGTF.SEARCH&ppt=sp&ppn=sp&ssid=zd6b5v5mzthw7m681631597415596&qH=0258c7d48242959a,"₹1,410"
"SAMSUNG M31s (Mirage Blue, 128 GB)",/samsung-m31s-mirage-blue-128-gb/p/itm3c444f9c5c566?pid=MOBFUZYBUZWNKB6G&lid=LSTMOBFUZYBUZWNKB6GWOXXNB&marketplace=FLIPKART&q=samsung+mobiles&store=tyy%2F4io&srno=s_1_11&otracker=AS_QueryStore_OrganicAutoSuggest_1_10_na_na_ps&otracker1=AS_QueryStore_OrganicAutoSuggest_1_10_na_na_ps&fm=SEARCH&iid=8d84004a-cb76-455a-ae6a-60adefa75908.MOBFUZYBUZWNKB6G.SEARCH&ppt=sp&ppn=sp&ssid=zd6b5v5mzthw7m681631597415596&qH=0258c7d48242959a,"₹20,340"
"SAMSUNG Galaxy A22 (Black, 128 GB)",/samsung-galaxy-a22-black-128-gb/p/itmced5448050ef5?pid=MOBG4BRKTFEFMTGT&lid=LSTMOBG4BRKTFEFMTGT91CPJF&marketplace=FLIPKART&q=samsung+mobiles&store=tyy%2F4io&srno=s_1_12&otracker=AS_QueryStore_OrganicAutoSuggest_1_10_na_na_ps&otracker1=AS_QueryStore_OrganicAutoSuggest_1_10_na_na_ps&fm=SEARCH&iid=8d84004a-cb76-455a-ae6a-60adefa75908.MOBG4BRKTFEFMTGT.SEARCH&ppt=sp&ppn=sp&ssid=zd6b5v5mzthw7m681631597415596&qH=0258c7d48242959a,"₹18,499"
"SAMSUNG Galaxy F12 (Celestial Black, 64 GB)",/samsung-galaxy-f12-celestial-black-64-gb/p/itmaae10b8db3909?pid=MOBGFG79FUDPXZXQ&lid=LSTMOBGFG79FUDPXZXQH5PM6N&marketplace=FLIPKART&q=samsung+mobiles&store=tyy%2F4io&srno=s_1_13&otracker=AS_QueryStore_OrganicAutoSuggest_1_10_na_na_ps&otracker1=AS_QueryStore_OrganicAutoSuggest_1_10_na_na_ps&fm=SEARCH&iid=8d84004a-cb76-455a-ae6a-60adefa75908.MOBGFG79FUDPXZXQ.SEARCH&ppt=sp&ppn=sp&ssid=zd6b5v5mzthw7m681631597415596&qH=0258c7d48242959a,"₹11,499"
"SAMSUNG Galaxy M12 (Black, 64 GB)",/samsung-galaxy-m12-black-64-gb/p/itm425898eedc4ce?pid=MOBGFG8H4A32HTKJ&lid=LSTMOBGFG8H4A32HTKJJOGTRN&marketplace=FLIPKART&q=samsung+mobiles&store=tyy%2F4io&srno=s_1_14&otracker=AS_QueryStore_OrganicAutoSuggest_1_10_na_na_ps&otracker1=AS_QueryStore_OrganicAutoSuggest_1_10_na_na_ps&fm=SEARCH&iid=8d84004a-cb76-455a-ae6a-60adefa75908.MOBGFG8H4A32HTKJ.SEARCH&ppt=sp&ppn=sp&ssid=zd6b5v5mzthw7m681631597415596&qH=0258c7d48242959a,"₹12,109"
"SAMSUNG Galaxy M12 (Blue, 64 GB)",/samsung-galaxy-m12-blue-64-gb/p/itm062b6548d8904?pid=MOBGFG8GCPEGKGF4&lid=LSTMOBGFG8GCPEGKGF4IRKGQM&marketplace=FLIPKART&q=samsung+mobiles&store=tyy%2F4io&srno=s_1_15&otracker=AS_QueryStore_OrganicAutoSuggest_1_10_na_na_ps&otracker1=AS_QueryStore_OrganicAutoSuggest_1_10_na_na_ps&fm=SEARCH&iid=8d84004a-cb76-455a-ae6a-60adefa75908.MOBGFG8GCPEGKGF4.SEARCH&ppt=sp&ppn=sp&ssid=zd6b5v5mzthw7m681631597415596&qH=0258c7d48242959a,"₹12,085"
"SAMSUNG GALAXY M31S (Mirage Black, 128 GB)",/samsung-galaxy-m31s-mirage-black-128-gb/p/itm34ee37ee1d8a0?pid=MOBFVWCTZYMFQH3J&lid=LSTMOBFVWCTZYMFQH3JDZ16VI&marketplace=FLIPKART&q=samsung+mobiles&store=tyy%2F4io&srno=s_1_16&otracker=AS_QueryStore_OrganicAutoSuggest_1_10_na_na_ps&otracker1=AS_QueryStore_OrganicAutoSuggest_1_10_na_na_ps&fm=SEARCH&iid=8d84004a-cb76-455a-ae6a-60adefa75908.MOBFVWCTZYMFQH3J.SEARCH&ppt=sp&ppn=sp&ssid=zd6b5v5mzthw7m681631597415596&qH=0258c7d48242959a,"₹19,770"
"SAMSUNG Galaxy A22 5G (Mint, 128 GB)",/samsung-galaxy-a22-5g-mint-128-gb/p/itm48e1a62967e05?pid=MOBG54F23SV6EQ2Y&lid=LSTMOBG54F23SV6EQ2YFV6BU0&marketplace=FLIPKART&q=samsung+mobiles&store=tyy%2F4io&srno=s_1_17&otracker=AS_QueryStore_OrganicAutoSuggest_1_10_na_na_ps&otracker1=AS_QueryStore_OrganicAutoSuggest_1_10_na_na_ps&fm=SEARCH&iid=8d84004a-cb76-455a-ae6a-60adefa75908.MOBG54F23SV6EQ2Y.SEARCH&ppt=sp&ppn=sp&ssid=zd6b5v5mzthw7m681631597415596&qH=0258c7d48242959a,"₹21,999"
"SAMSUNG Galaxy F12 (Sea Green, 64 GB)",/samsung-galaxy-f12-sea-green-64-gb/p/itm4d3582cd695fd?pid=MOBGFG794YPQ9RAE&lid=LSTMOBGFG794YPQ9RAEGUPPTW&marketplace=FLIPKART&q=samsung+mobiles&store=tyy%2F4io&srno=s_1_18&otracker=AS_QueryStore_OrganicAutoSuggest_1_10_na_na_ps&otracker1=AS_QueryStore_OrganicAutoSuggest_1_10_na_na_ps&fm=SEARCH&iid=8d84004a-cb76-455a-ae6a-60adefa75908.MOBGFG794YPQ9RAE.SEARCH&ppt=sp&ppn=sp&ssid=zd6b5v5mzthw7m681631597415596&qH=0258c7d48242959a,"₹11,499"
"SAMSUNG Galaxy A21s (Black, 128 GB)",/samsung-galaxy-a21s-black-128-gb/p/itmcb23937a962e3?pid=MOBFWCFDEHTZVQMZ&lid=LSTMOBFWCFDEHTZVQMZ6HMJCL&marketplace=FLIPKART&q=samsung+mobiles&store=tyy%2F4io&srno=s_1_19&otracker=AS_QueryStore_OrganicAutoSuggest_1_10_na_na_ps&otracker1=AS_QueryStore_OrganicAutoSuggest_1_10_na_na_ps&fm=SEARCH&iid=8d84004a-cb76-455a-ae6a-60adefa75908.MOBFWCFDEHTZVQMZ.SEARCH&ppt=sp&ppn=sp&ssid=zd6b5v5mzthw7m681631597415596&qH=0258c7d48242959a,"₹17,499"
"SAMSUNG Galaxy M31 (Iceberg blue, 128 GB)",/samsung-galaxy-m31-iceberg-blue-128-gb/p/itmed6043337ac0e?pid=MOBFYZ8Y9VJNACEM&lid=LSTMOBFYZ8Y9VJNACEMCIENNZ&marketplace=FLIPKART&q=samsung+mobiles&store=tyy%2F4io&srno=s_1_20&otracker=AS_QueryStore_OrganicAutoSuggest_1_10_na_na_ps&otracker1=AS_QueryStore_OrganicAutoSuggest_1_10_na_na_ps&fm=SEARCH&iid=8d84004a-cb76-455a-ae6a-60adefa75908.MOBFYZ8Y9VJNACEM.SEARCH&ppt=sp&ppn=sp&ssid=zd6b5v5mzthw7m681631597415596&qH=0258c7d48242959a,"₹17,268"
"SAMSUNG Galaxy M31 (Space Black, 64 GB)",/samsung-galaxy-m31-space-black-64-gb/p/itme0c5a25c1e64a?pid=MOBFPNPSZWQ7YKGH&lid=LSTMOBFPNPSZWQ7YKGHGQDQLJ&marketplace=FLIPKART&q=samsung+mobiles&store=tyy%2F4io&srno=s_1_21&otracker=AS_QueryStore_OrganicAutoSuggest_1_10_na_na_ps&otracker1=AS_QueryStore_OrganicAutoSuggest_1_10_na_na_ps&fm=SEARCH&iid=8d84004a-cb76-455a-ae6a-60adefa75908.MOBFPNPSZWQ7YKGH.SEARCH&ppt=sp&ppn=sp&ssid=zd6b5v5mzthw7m681631597415596&qH=0258c7d48242959a,"₹16,250"
SAMSUNG Guru FM Plus SM-B110E/D,/samsung-guru-fm-plus-sm-b110e-d/p/itmeayygvzdgac68?pid=MOBEAYYGAZZTGAUK&lid=LSTMOBEAYYGAZZTGAUKGTQO7D&marketplace=FLIPKART&q=samsung+mobiles&store=tyy%2F4io&srno=s_1_22&otracker=AS_QueryStore_OrganicAutoSuggest_1_10_na_na_ps&otracker1=AS_QueryStore_OrganicAutoSuggest_1_10_na_na_ps&fm=SEARCH&iid=8d84004a-cb76-455a-ae6a-60adefa75908.MOBEAYYGAZZTGAUK.SEARCH&ppt=sp&ppn=sp&ssid=zd6b5v5mzthw7m681631597415596&qH=0258c7d48242959a,"₹1,660"
"SAMSUNG Galaxy A72 (Awesome Black, 128 GB)",/samsung-galaxy-a72-awesome-black-128-gb/p/itme6d14bf36c7af?pid=MOBGF8GPFCD25ZU5&lid=LSTMOBGF8GPFCD25ZU5JZAVTA&marketplace=FLIPKART&q=samsung+mobiles&store=tyy%2F4io&srno=s_1_23&otracker=AS_QueryStore_OrganicAutoSuggest_1_10_na_na_ps&otracker1=AS_QueryStore_OrganicAutoSuggest_1_10_na_na_ps&fm=SEARCH&iid=8d84004a-cb76-455a-ae6a-60adefa75908.MOBGF8GPFCD25ZU5.SEARCH&ppt=sp&ppn=sp&ssid=zd6b5v5mzthw7m681631597415596&qH=0258c7d48242959a,"₹34,999"
"SAMSUNG Galaxy F12 (Sky Blue, 128 GB)",/samsung-galaxy-f12-sky-blue-128-gb/p/itmbe3d99dae33a0?pid=MOBGFG79BPTJWHKS&lid=LSTMOBGFG79BPTJWHKSO3JF0R&marketplace=FLIPKART&q=samsung+mobiles&store=tyy%2F4io&srno=s_1_24&otracker=AS_QueryStore_OrganicAutoSuggest_1_10_na_na_ps&otracker1=AS_QueryStore_OrganicAutoSuggest_1_10_na_na_ps&fm=SEARCH&iid=8d84004a-cb76-455a-ae6a-60adefa75908.MOBGFG79BPTJWHKS.SEARCH&ppt=sp&ppn=sp&ssid=zd6b5v5mzthw7m681631597415596&qH=0258c7d48242959a,"₹12,499"
"SAMSUNG Galaxy M02 (Blue, 32 GB)",/samsung-galaxy-m02-blue-32-gb/p/itm6bafd2df167b9?pid=MOBGY73CKG9HXZZB&lid=LSTMOBGY73CKG9HXZZBND6MSM&marketplace=FLIPKART&q=samsung+mobiles&store=tyy%2F4io&srno=s_2_25&otracker=AS_QueryStore_OrganicAutoSuggest_1_10_na_na_ps&otracker1=AS_QueryStore_OrganicAutoSuggest_1_10_na_na_ps&fm=SEARCH&iid=40e36951-dd22-41ed-8349-6d241bf4d5f6.MOBGY73CKG9HXZZB.SEARCH&ppt=sp&ppn=sp&ssid=zd6b5v5mzthw7m681631597415596&qH=0258c7d48242959a,"₹8,389"
"SAMSUNG Galaxy M02 (Black, 32 GB)",/samsung-galaxy-m02-black-32-gb/p/itm16e9cd93db916?pid=MOBGY73CSBKNXA5W&lid=LSTMOBGY73CSBKNXA5WP9V7ZL&marketplace=FLIPKART&q=samsung+mobiles&store=tyy%2F4io&srno=s_2_26&otracker=AS_QueryStore_OrganicAutoSuggest_1_10_na_na_ps&otracker1=AS_QueryStore_OrganicAutoSuggest_1_10_na_na_ps&fm=SEARCH&iid=40e36951-dd22-41ed-8349-6d241bf4d5f6.MOBGY73CSBKNXA5W.SEARCH&ppt=sp&ppn=sp&ssid=zd6b5v5mzthw7m681631597415596&qH=0258c7d48242959a,"₹8,449"
"SAMSUNG Galaxy F12 (Sea Green, 128 GB)",/samsung-galaxy-f12-sea-green-128-gb/p/itm632faa123e085?pid=MOBGFG79ZZFRGZ7U&lid=LSTMOBGFG79ZZFRGZ7ULB8HLU&marketplace=FLIPKART&q=samsung+mobiles&store=tyy%2F4io&srno=s_2_27&otracker=AS_QueryStore_OrganicAutoSuggest_1_10_na_na_ps&otracker1=AS_QueryStore_OrganicAutoSuggest_1_10_na_na_ps&fm=SEARCH&iid=40e36951-dd22-41ed-8349-6d241bf4d5f6.MOBGFG79ZZFRGZ7U.SEARCH&ppt=sp&ppn=sp&ssid=zd6b5v5mzthw7m681631597415596&qH=0258c7d48242959a,"₹12,499"
"SAMSUNG Galaxy M32 (Light Blue, 128 GB)",/samsung-galaxy-m32-light-blue-128-gb/p/itm5d86d7bdb3504?pid=MOBG4NZWMWHXYC6R&lid=LSTMOBG4NZWMWHXYC6RRHJACB&marketplace=FLIPKART&q=samsung+mobiles&store=tyy%2F4io&srno=s_2_28&otracker=AS_QueryStore_OrganicAutoSuggest_1_10_na_na_ps&otracker1=AS_QueryStore_OrganicAutoSuggest_1_10_na_na_ps&fm=SEARCH&iid=40e36951-dd22-41ed-8349-6d241bf4d5f6.MOBG4NZWMWHXYC6R.SEARCH&ppt=sp&ppn=sp&ssid=zd6b5v5mzthw7m681631597415596&qH=0258c7d48242959a,"₹17,987"
"SAMSUNG Galaxy M31 (Space Black, 128 GB)",/samsung-galaxy-m31-space-black-128-gb/p/itmeb29fb2c00580?pid=MOBFPNPS6QGTKBQB&lid=LSTMOBFPNPS6QGTKBQBHRDH2I&marketplace=FLIPKART&q=samsung+mobiles&store=tyy%2F4io&srno=s_2_29&otracker=AS_QueryStore_OrganicAutoSuggest_1_10_na_na_ps&otracker1=AS_QueryStore_OrganicAutoSuggest_1_10_na_na_ps&fm=SEARCH&iid=40e36951-dd22-41ed-8349-6d241bf4d5f6.MOBFPNPS6QGTKBQB.SEARCH&ppt=sp&ppn=sp&ssid=zd6b5v5mzthw7m681631597415596&qH=0258c7d48242959a,"₹17,085"
"SAMSUNG Galaxy A51 (Prism Crush Blue, 128 GB)",/samsung-galaxy-a51-prism-crush-blue-128-gb/p/itm821baad86fbc5?pid=MOBFS72HDJXVHAYP&lid=LSTMOBFS72HDJXVHAYPN2FL91&marketplace=FLIPKART&q=samsung+mobiles&store=tyy%2F4io&srno=s_2_30&otracker=AS_QueryStore_OrganicAutoSuggest_1_10_na_na_ps&otracker1=AS_QueryStore_OrganicAutoSuggest_1_10_na_na_ps&fm=SEARCH&iid=40e36951-dd22-41ed-8349-6d241bf4d5f6.MOBFS72HDJXVHAYP.SEARCH&ppt=sp&ppn=sp&ssid=zd6b5v5mzthw7m681631597415596&qH=0258c7d48242959a,"₹22,499"
"SAMSUNG Galaxy M32 (Black, 128 GB)",/samsung-galaxy-m32-black-128-gb/p/itm77d1ed8f6add7?pid=MOBG4NZWDZDD2DHA&lid=LSTMOBG4NZWDZDD2DHABPRCX2&marketplace=FLIPKART&q=samsung+mobiles&store=tyy%2F4io&srno=s_2_31&otracker=AS_QueryStore_OrganicAutoSuggest_1_10_na_na_ps&otracker1=AS_QueryStore_OrganicAutoSuggest_1_10_na_na_ps&fm=SEARCH&iid=40e36951-dd22-41ed-8349-6d241bf4d5f6.MOBG4NZWDZDD2DHA.SEARCH&ppt=sp&ppn=sp&ssid=zd6b5v5mzthw7m681631597415596&qH=0258c7d48242959a,"₹17,593"
"SAMSUNG Galaxy A51 (Prism Crush Black, 128 GB)",/samsung-galaxy-a51-prism-crush-black-128-gb/p/itmabb4d1b812551?pid=MOBFS72HZ9A2FNZP&lid=LSTMOBFS72HZ9A2FNZPPCHXAQ&marketplace=FLIPKART&q=samsung+mobiles&store=tyy%2F4io&srno=s_2_32&otracker=AS_QueryStore_OrganicAutoSuggest_1_10_na_na_ps&otracker1=AS_QueryStore_OrganicAutoSuggest_1_10_na_na_ps&fm=SEARCH&iid=40e36951-dd22-41ed-8349-6d241bf4d5f6.MOBFS72HZ9A2FNZP.SEARCH&ppt=sp&ppn=sp&ssid=zd6b5v5mzthw7m681631597415596&qH=0258c7d48242959a,"₹22,499"
"SAMSUNG Galaxy A21s (Blue, 64 GB)",/samsung-galaxy-a21s-blue-64-gb/p/itm08a6ca5d92b9d?pid=MOBFSFMJHFVHCQ2X&lid=LSTMOBFSFMJHFVHCQ2XYRANTZ&marketplace=FLIPKART&q=samsung+mobiles&store=tyy%2F4io&srno=s_2_33&otracker=AS_QueryStore_OrganicAutoSuggest_1_10_na_na_ps&otracker1=AS_QueryStore_OrganicAutoSuggest_1_10_na_na_ps&fm=SEARCH&iid=40e36951-dd22-41ed-8349-6d241bf4d5f6.MOBFSFMJHFVHCQ2X.SEARCH&ppt=sp&ppn=sp&ssid=zd6b5v5mzthw7m681631597415596&qH=0258c7d48242959a,"₹14,685"
"SAMSUNG Galaxy M02 (Gray, 32 GB)",/samsung-galaxy-m02-gray-32-gb/p/itm0b2dde2df85ad?pid=MOBGY73C7Y6HUTCR&lid=LSTMOBGY73C7Y6HUTCRQ09GTF&marketplace=FLIPKART&q=samsung+mobiles&store=tyy%2F4io&srno=s_2_34&otracker=AS_QueryStore_OrganicAutoSuggest_1_10_na_na_ps&otracker1=AS_QueryStore_OrganicAutoSuggest_1_10_na_na_ps&fm=SEARCH&iid=40e36951-dd22-41ed-8349-6d241bf4d5f6.MOBGY73C7Y6HUTCR.SEARCH&ppt=sp&ppn=sp&ssid=zd6b5v5mzthw7m681631597415596&qH=0258c7d48242959a,"₹8,498"
"SAMSUNG Galaxy A52s 5G (Awesome Black, 128 GB)",/samsung-galaxy-a52s-5g-awesome-black-128-gb/p/itm28cbe79488875?pid=MOBG6YPZK8DFTDHZ&lid=LSTMOBG6YPZK8DFTDHZLNVS8V&marketplace=FLIPKART&q=samsung+mobiles&store=tyy%2F4io&srno=s_2_35&otracker=AS_QueryStore_OrganicAutoSuggest_1_10_na_na_ps&otracker1=AS_QueryStore_OrganicAutoSuggest_1_10_na_na_ps&fm=SEARCH&iid=40e36951-dd22-41ed-8349-6d241bf4d5f6.MOBG6YPZK8DFTDHZ.SEARCH&ppt=sp&ppn=sp&ssid=zd6b5v5mzthw7m681631597415596&qH=0258c7d48242959a,"₹37,499"
"SAMSUNG Galaxy F62 (Laser Grey, 128 GB)",/samsung-galaxy-f62-laser-grey-128-gb/p/itmaf3ed4dbc2ee5?pid=MOBFZWSUZGKGHMHD&lid=LSTMOBFZWSUZGKGHMHD7IV39I&marketplace=FLIPKART&q=samsung+mobiles&store=tyy%2F4io&srno=s_2_36&otracker=AS_QueryStore_OrganicAutoSuggest_1_10_na_na_ps&otracker1=AS_QueryStore_OrganicAutoSuggest_1_10_na_na_ps&fm=SEARCH&iid=40e36951-dd22-41ed-8349-6d241bf4d5f6.MOBFZWSUZGKGHMHD.SEARCH&ppt=sp&ppn=sp&ssid=zd6b5v5mzthw7m681631597415596&qH=0258c7d48242959a,"₹23,999"
"SAMSUNG Galaxy A31 (Prism Crush Blue, 128 GB)",/samsung-galaxy-a31-prism-crush-blue-128-gb/p/itmca37dc47f1c6a?pid=MOBFRZZHH4WHKZCW&lid=LSTMOBFRZZHH4WHKZCWSOSBOT&marketplace=FLIPKART&q=samsung+mobiles&store=tyy%2F4io&srno=s_2_37&otracker=AS_QueryStore_OrganicAutoSuggest_1_10_na_na_ps&otracker1=AS_QueryStore_OrganicAutoSuggest_1_10_na_na_ps&fm=SEARCH&iid=40e36951-dd22-41ed-8349-6d241bf4d5f6.MOBFRZZHH4WHKZCW.SEARCH&ppt=sp&ppn=sp&ssid=zd6b5v5mzthw7m681631597415596&qH=0258c7d48242959a,"₹16,999"
"SAMSUNG Galaxy A21s (Blue, 128 GB)",/samsung-galaxy-a21s-blue-128-gb/p/itm9b1380dccb8dc?pid=MOBFWCFDZWGKHXNG&lid=LSTMOBFWCFDZWGKHXNGRN8EX0&marketplace=FLIPKART&q=samsung+mobiles&store=tyy%2F4io&srno=s_2_38&otracker=AS_QueryStore_OrganicAutoSuggest_1_10_na_na_ps&otracker1=AS_QueryStore_OrganicAutoSuggest_1_10_na_na_ps&fm=SEARCH&iid=40e36951-dd22-41ed-8349-6d241bf4d5f6.MOBFWCFDZWGKHXNG.SEARCH&ppt=sp&ppn=sp&ssid=zd6b5v5mzthw7m681631597415596&qH=0258c7d48242959a,"₹17,499"
"SAMSUNG Galaxy A03s (Black, 64 GB)",/samsung-galaxy-a03s-black-64-gb/p/itm207c7227db30c?pid=MOBG5NK9BDD3QW63&lid=LSTMOBG5NK9BDD3QW63KATEE2&marketplace=FLIPKART&q=samsung+mobiles&store=tyy%2F4io&srno=s_2_39&otracker=AS_QueryStore_OrganicAutoSuggest_1_10_na_na_ps&otracker1=AS_QueryStore_OrganicAutoSuggest_1_10_na_na_ps&fm=SEARCH&iid=40e36951-dd22-41ed-8349-6d241bf4d5f6.MOBG5NK9BDD3QW63.SEARCH&ppt=sp&ppn=sp&ssid=zd6b5v5mzthw7m681631597415596&qH=0258c7d48242959a,"₹12,499"
"SAMSUNG Galaxy F62 (Laser Blue, 128 GB)",/samsung-galaxy-f62-laser-blue-128-gb/p/itmf82cc5e797312?pid=MOBFZWSUHXGQMUPH&lid=LSTMOBFZWSUHXGQMUPHYZDVLJ&marketplace=FLIPKART&q=samsung+mobiles&store=tyy%2F4io&srno=s_2_40&otracker=AS_QueryStore_OrganicAutoSuggest_1_10_na_na_ps&otracker1=AS_QueryStore_OrganicAutoSuggest_1_10_na_na_ps&fm=SEARCH&iid=40e36951-dd22-41ed-8349-6d241bf4d5f6.MOBFZWSUHXGQMUPH.SEARCH&ppt=sp&ppn=sp&ssid=zd6b5v5mzthw7m681631597415596&qH=0258c7d48242959a,"₹23,999"
"SAMSUNG M21 2021 Edition (Arctic blue, 64 GB)",/samsung-m21-2021-arctic-blue-64-gb/p/itm61647bcca8527?pid=MOBG5J8GXG8RWEY2&lid=LSTMOBG5J8GXG8RWEY21MCAX0&marketplace=FLIPKART&q=samsung+mobiles&store=tyy%2F4io&srno=s_2_41&otracker=AS_QueryStore_OrganicAutoSuggest_1_10_na_na_ps&otracker1=AS_QueryStore_OrganicAutoSuggest_1_10_na_na_ps&fm=SEARCH&iid=40e36951-dd22-41ed-8349-6d241bf4d5f6.MOBG5J8GXG8RWEY2.SEARCH&ppt=sp&ppn=sp&ssid=zd6b5v5mzthw7m681631597415596&qH=0258c7d48242959a,"₹13,450"
"SAMSUNG Galaxy F62 (Laser Green, 128 GB)",/samsung-galaxy-f62-laser-green-128-gb/p/itm3659bc5ac2601?pid=MOBFZWSUEMTZDC7U&lid=LSTMOBFZWSUEMTZDC7UZERVOF&marketplace=FLIPKART&q=samsung+mobiles&store=tyy%2F4io&srno=s_2_42&otracker=AS_QueryStore_OrganicAutoSuggest_1_10_na_na_ps&otracker1=AS_QueryStore_OrganicAutoSuggest_1_10_na_na_ps&fm=SEARCH&iid=40e36951-dd22-41ed-8349-6d241bf4d5f6.MOBFZWSUEMTZDC7U.SEARCH&ppt=sp&ppn=sp&ssid=zd6b5v5mzthw7m681631597415596&qH=0258c7d48242959a,"₹23,999"
"SAMSUNG Galaxy F02s (Diamond Blue, 64 GB)",/samsung-galaxy-f02s-diamond-blue-64-gb/p/itm18eea4bb2059c?pid=MOBGFG79FKRYJ8D4&lid=LSTMOBGFG79FKRYJ8D4E6XNLA&marketplace=FLIPKART&q=samsung+mobiles&store=tyy%2F4io&srno=s_2_43&otracker=AS_QueryStore_OrganicAutoSuggest_1_10_na_na_ps&otracker1=AS_QueryStore_OrganicAutoSuggest_1_10_na_na_ps&fm=SEARCH&iid=40e36951-dd22-41ed-8349-6d241bf4d5f6.MOBGFG79FKRYJ8D4.SEARCH&ppt=sp&ppn=sp&ssid=zd6b5v5mzthw7m681631597415596&qH=0258c7d48242959a,"₹10,499"
SAMSUNG M21 2021 Edition,/samsung-m21-2021/p/itmf27b10c82768d?pid=MOBG5FHYWJJMEFGJ&lid=LSTMOBG5FHYWJJMEFGJPSFZHS&marketplace=FLIPKART&q=samsung+mobiles&store=tyy%2F4io&srno=s_2_44&otracker=AS_QueryStore_OrganicAutoSuggest_1_10_na_na_ps&otracker1=AS_QueryStore_OrganicAutoSuggest_1_10_na_na_ps&fm=SEARCH&iid=40e36951-dd22-41ed-8349-6d241bf4d5f6.MOBG5FHYWJJMEFGJ.SEARCH&ppt=sp&ppn=sp&ssid=zd6b5v5mzthw7m681631597415596&qH=0258c7d48242959a,"₹15,268"
"SAMSUNG Galaxy M31s (Mirage Blue, 128 GB)",/samsung-galaxy-m31s-mirage-blue-128-gb/p/itmad022b9abd4b6?pid=MOBFUYMQUW5EKE7R&lid=LSTMOBFUYMQUW5EKE7RTNFMHP&marketplace=FLIPKART&q=samsung+mobiles&store=tyy%2F4io&srno=s_2_45&otracker=AS_QueryStore_OrganicAutoSuggest_1_10_na_na_ps&otracker1=AS_QueryStore_OrganicAutoSuggest_1_10_na_na_ps&fm=SEARCH&iid=40e36951-dd22-41ed-8349-6d241bf4d5f6.MOBFUYMQUW5EKE7R.SEARCH&ppt=sp&ppn=sp&ssid=zd6b5v5mzthw7m681631597415596&qH=0258c7d48242959a,"₹18,949"
"SAMSUNG Galaxy M11 (Black, 64 GB)",/samsung-galaxy-m11-black-64-gb/p/itm2b3e5356a5b97?pid=MOBFRZZH4HHGU6YT&lid=LSTMOBFRZZH4HHGU6YTQHGGIO&marketplace=FLIPKART&q=samsung+mobiles&store=tyy%2F4io&srno=s_2_46&otracker=AS_QueryStore_OrganicAutoSuggest_1_10_na_na_ps&otracker1=AS_QueryStore_OrganicAutoSuggest_1_10_na_na_ps&fm=SEARCH&iid=40e36951-dd22-41ed-8349-6d241bf4d5f6.MOBFRZZH4HHGU6YT.SEARCH&ppt=sp&ppn=sp&ssid=zd6b5v5mzthw7m681631597415596&qH=0258c7d48242959a,"₹11,594"
"SAMSUNG Galaxy M11 (Black, 32 GB)",/samsung-galaxy-m11-black-32-gb/p/itm0871b45a83143?pid=MOBFRZZHRFVXDUZZ&lid=LSTMOBFRZZHRFVXDUZZT0UXMH&marketplace=FLIPKART&q=samsung+mobiles&store=tyy%2F4io&srno=s_2_47&otracker=AS_QueryStore_OrganicAutoSuggest_1_10_na_na_ps&otracker1=AS_QueryStore_OrganicAutoSuggest_1_10_na_na_ps&fm=SEARCH&iid=40e36951-dd22-41ed-8349-6d241bf4d5f6.MOBFRZZHRFVXDUZZ.SEARCH&ppt=sp&ppn=sp&ssid=zd6b5v5mzthw7m681631597415596&qH=0258c7d48242959a,"₹11,749"
"SAMSUNG Galaxy A22 5G (Mint, 128 GB)",/samsung-galaxy-a22-5g-mint-128-gb/p/itm54665a3df08eb?pid=MOBG54F25TKAY7AH&lid=LSTMOBG54F25TKAY7AHAV9L4Q&marketplace=FLIPKART&q=samsung+mobiles&store=tyy%2F4io&srno=s_2_48&otracker=AS_QueryStore_OrganicAutoSuggest_1_10_na_na_ps&otracker1=AS_QueryStore_OrganicAutoSuggest_1_10_na_na_ps&fm=SEARCH&iid=40e36951-dd22-41ed-8349-6d241bf4d5f6.MOBG54F25TKAY7AH.SEARCH&ppt=sp&ppn=sp&ssid=zd6b5v5mzthw7m681631597415596&qH=0258c7d48242959a,"₹19,968"
"SAMSUNG Galaxy M51 (Celestial Black, 128 GB)",/samsung-galaxy-m51-celestial-black-128-gb/p/itm69f1475058168?pid=MOBFX3JN2QA3RYZE&lid=LSTMOBFX3JN2QA3RYZEGNKLZY&marketplace=FLIPKART&q=samsung+mobiles&store=tyy%2F4io&srno=s_3_49&otracker=AS_QueryStore_OrganicAutoSuggest_1_10_na_na_ps&otracker1=AS_QueryStore_OrganicAutoSuggest_1_10_na_na_ps&fm=SEARCH&iid=83f3722a-dc88-4b87-8bee-4389b1a8484b.MOBFX3JN2QA3RYZE.SEARCH&ppt=sp&ppn=sp&ssid=zd6b5v5mzthw7m681631597415596&qH=0258c7d48242959a,"₹24,690"
"SAMSUNG Galaxy A03s (White, 32 GB)",/samsung-galaxy-a03s-white-32-gb/p/itm418fde1930794?pid=MOBG5NK9VVKEGQCG&lid=LSTMOBG5NK9VVKEGQCGX0J2SO&marketplace=FLIPKART&q=samsung+mobiles&store=tyy%2F4io&srno=s_3_50&otracker=AS_QueryStore_OrganicAutoSuggest_1_10_na_na_ps&otracker1=AS_QueryStore_OrganicAutoSuggest_1_10_na_na_ps&fm=SEARCH&iid=83f3722a-dc88-4b87-8bee-4389b1a8484b.MOBG5NK9VVKEGQCG.SEARCH&ppt=sp&ppn=sp&ssid=zd6b5v5mzthw7m681631597415596&qH=0258c7d48242959a,"₹11,499"
"SAMSUNG Galaxy A51 (Haze Crush Silver, 128 GB)",/samsung-galaxy-a51-haze-crush-silver-128-gb/p/itm1eb070d23f22d?pid=MOBFTW767YN8JXUQ&lid=LSTMOBFTW767YN8JXUQM0GVGO&marketplace=FLIPKART&q=samsung+mobiles&store=tyy%2F4io&srno=s_3_51&otracker=AS_QueryStore_OrganicAutoSuggest_1_10_na_na_ps&otracker1=AS_QueryStore_OrganicAutoSuggest_1_10_na_na_ps&fm=SEARCH&iid=83f3722a-dc88-4b87-8bee-4389b1a8484b.MOBFTW767YN8JXUQ.SEARCH&ppt=sp&ppn=sp&ssid=zd6b5v5mzthw7m681631597415596&qH=0258c7d48242959a,"₹20,999"
"SAMSUNG Galaxy A03s (Blue, 32 GB)",/samsung-galaxy-a03s-blue-32-gb/p/itmc7b85c75edb4d?pid=MOBG5NK9U5SJKJ4F&lid=LSTMOBG5NK9U5SJKJ4FOYP87M&marketplace=FLIPKART&q=samsung+mobiles&store=tyy%2F4io&srno=s_3_52&otracker=AS_QueryStore_OrganicAutoSuggest_1_10_na_na_ps&otracker1=AS_QueryStore_OrganicAutoSuggest_1_10_na_na_ps&fm=SEARCH&iid=83f3722a-dc88-4b87-8bee-4389b1a8484b.MOBG5NK9U5SJKJ4F.SEARCH&ppt=sp&ppn=sp&ssid=zd6b5v5mzthw7m681631597415596&qH=0258c7d48242959a,"₹11,499"
"SAMSUNG Galaxy A12 (Black, 64 GB)",/samsung-galaxy-a12-black-64-gb/p/itm1e1faa9dcdfb5?pid=MOBGYCCGG2E47PQF&lid=LSTMOBGYCCGG2E47PQFNAORSE&marketplace=FLIPKART&q=samsung+mobiles&store=tyy%2F4io&srno=s_3_53&otracker=AS_QueryStore_OrganicAutoSuggest_1_10_na_na_ps&otracker1=AS_QueryStore_OrganicAutoSuggest_1_10_na_na_ps&fm=SEARCH&iid=83f3722a-dc88-4b87-8bee-4389b1a8484b.MOBGYCCGG2E47PQF.SEARCH&ppt=sp&ppn=sp&ssid=zd6b5v5mzthw7m681631597415596&qH=0258c7d48242959a,"₹12,520"
"SAMSUNG Galaxy M51 (Electric Blue, 128 GB)",/samsung-galaxy-m51-electric-blue-128-gb/p/itm4c319bae3c362?pid=MOBFX2HBBH8BSPTE&lid=LSTMOBFX2HBBH8BSPTEY4LOFR&marketplace=FLIPKART&q=samsung+mobiles&store=tyy%2F4io&srno=s_3_54&otracker=AS_QueryStore_OrganicAutoSuggest_1_10_na_na_ps&otracker1=AS_QueryStore_OrganicAutoSuggest_1_10_na_na_ps&fm=SEARCH&iid=83f3722a-dc88-4b87-8bee-4389b1a8484b.MOBFX2HBBH8BSPTE.SEARCH&ppt=sp&ppn=sp&ssid=zd6b5v5mzthw7m681631597415596&qH=0258c7d48242959a,"₹24,990"
"SAMSUNG Galaxy A21s (Silver, 128 GB)",/samsung-galaxy-a21s-silver-128-gb/p/itm50164b698e22c?pid=MOBFWCFDGDW84W6G&lid=LSTMOBFWCFDGDW84W6GC3VIAZ&marketplace=FLIPKART&q=samsung+mobiles&store=tyy%2F4io&srno=s_3_55&otracker=AS_QueryStore_OrganicAutoSuggest_1_10_na_na_ps&otracker1=AS_QueryStore_OrganicAutoSuggest_1_10_na_na_ps&fm=SEARCH&iid=83f3722a-dc88-4b87-8bee-4389b1a8484b.MOBFWCFDGDW84W6G.SEARCH&ppt=sp&ppn=sp&ssid=zd6b5v5mzthw7m681631597415596&qH=0258c7d48242959a,"₹17,499"
"SAMSUNG Galaxy F02s (Diamond Blue, 32 GB)",/samsung-galaxy-f02s-diamond-blue-32-gb/p/itm971ab77f825aa?pid=MOBGFG79GQGAYVNV&lid=LSTMOBGFG79GQGAYVNVU1F9M9&marketplace=FLIPKART&q=samsung+mobiles&store=tyy%2F4io&srno=s_3_56&otracker=AS_QueryStore_OrganicAutoSuggest_1_10_na_na_ps&otracker1=AS_QueryStore_OrganicAutoSuggest_1_10_na_na_ps&fm=SEARCH&iid=83f3722a-dc88-4b87-8bee-4389b1a8484b.MOBGFG79GQGAYVNV.SEARCH&ppt=sp&ppn=sp&ssid=zd6b5v5mzthw7m681631597415596&qH=0258c7d48242959a,"₹9,499"
"SAMSUNG Galaxy M02 (Blue, 32 GB)",/samsung-galaxy-m02-blue-32-gb/p/itm37ad037b2bcc1?pid=MOBGY73CXJBUBTF7&lid=LSTMOBGY73CXJBUBTF72W55CJ&marketplace=FLIPKART&q=samsung+mobiles&store=tyy%2F4io&srno=s_3_57&otracker=AS_QueryStore_OrganicAutoSuggest_1_10_na_na_ps&otracker1=AS_QueryStore_OrganicAutoSuggest_1_10_na_na_ps&fm=SEARCH&iid=83f3722a-dc88-4b87-8bee-4389b1a8484b.MOBGY73CXJBUBTF7.SEARCH&ppt=sp&ppn=sp&ssid=zd6b5v5mzthw7m681631597415596&qH=0258c7d48242959a,"₹8,949"
"SAMSUNG M02s (Blue, 32 GB)",/samsung-m02s-blue-32-gb/p/itmd793851788c1c?pid=MOBFZJ7KYB8U8KPY&lid=LSTMOBFZJ7KYB8U8KPYMMSR0V&marketplace=FLIPKART&q=samsung+mobiles&store=tyy%2F4io&srno=s_3_58&otracker=AS_QueryStore_OrganicAutoSuggest_1_10_na_na_ps&otracker1=AS_QueryStore_OrganicAutoSuggest_1_10_na_na_ps&fm=SEARCH&iid=83f3722a-dc88-4b87-8bee-4389b1a8484b.MOBFZJ7KYB8U8KPY.SEARCH&ppt=sp&ppn=sp&ssid=zd6b5v5mzthw7m681631597415596&qH=0258c7d48242959a,"₹9,989"
"SAMSUNG Galaxy M32 (Black, 64 GB)",/samsung-galaxy-m32-black-64-gb/p/itm772345beff2ad?pid=MOBG4NZWVVESH2BK&lid=LSTMOBG4NZWVVESH2BKFOD9UL&marketplace=FLIPKART&q=samsung+mobiles&store=tyy%2F4io&srno=s_3_59&otracker=AS_QueryStore_OrganicAutoSuggest_1_10_na_na_ps&otracker1=AS_QueryStore_OrganicAutoSuggest_1_10_na_na_ps&fm=SEARCH&iid=83f3722a-dc88-4b87-8bee-4389b1a8484b.MOBG4NZWVVESH2BK.SEARCH&ppt=sp&ppn=sp&ssid=zd6b5v5mzthw7m681631597415596&qH=0258c7d48242959a,"₹14,947"
"SAMSUNG Galaxy A22 (Mint, 128 GB)",/samsung-galaxy-a22-mint-128-gb/p/itm0b03ca2aa8b2f?pid=MOBG4BRK35PYAGPV&lid=LSTMOBG4BRK35PYAGPVBXEHLW&marketplace=FLIPKART&q=samsung+mobiles&store=tyy%2F4io&srno=s_3_60&otracker=AS_QueryStore_OrganicAutoSuggest_1_10_na_na_ps&otracker1=AS_QueryStore_OrganicAutoSuggest_1_10_na_na_ps&fm=SEARCH&iid=83f3722a-dc88-4b87-8bee-4389b1a8484b.MOBG4BRK35PYAGPV.SEARCH&ppt=sp&ppn=sp&ssid=zd6b5v5mzthw7m681631597415596&qH=0258c7d48242959a,"₹18,499"
"SAMSUNG Galaxy M12 (Blue, 128 GB)",/samsung-galaxy-m12-blue-128-gb/p/itme593a120f429d?pid=MOBGFZUHYABADANE&lid=LSTMOBGFZUHYABADANE9QHAIB&marketplace=FLIPKART&q=samsung+mobiles&store=tyy%2F4io&srno=s_3_61&otracker=AS_QueryStore_OrganicAutoSuggest_1_10_na_na_ps&otracker1=AS_QueryStore_OrganicAutoSuggest_1_10_na_na_ps&fm=SEARCH&iid=83f3722a-dc88-4b87-8bee-4389b1a8484b.MOBGFZUHYABADANE.SEARCH&ppt=sp&ppn=sp&ssid=zd6b5v5mzthw7m681631597415596&qH=0258c7d48242959a,"₹14,150"
"SAMSUNG Galaxy A52s 5G (Awesome Black, 128 GB)",/samsung-galaxy-a52s-5g-awesome-black-128-gb/p/itm787768305d861?pid=MOBG6YPZKZD6FNR3&lid=LSTMOBG6YPZKZD6FNR3KGBYUB&marketplace=FLIPKART&q=samsung+mobiles&store=tyy%2F4io&srno=s_3_62&otracker=AS_QueryStore_OrganicAutoSuggest_1_10_na_na_ps&otracker1=AS_QueryStore_OrganicAutoSuggest_1_10_na_na_ps&fm=SEARCH&iid=83f3722a-dc88-4b87-8bee-4389b1a8484b.MOBG6YPZKZD6FNR3.SEARCH&ppt=sp&ppn=sp&ssid=zd6b5v5mzthw7m681631597415596&qH=0258c7d48242959a,"₹35,999"
"SAMSUNG Galaxy A12 (Blue, 64 GB)",/samsung-galaxy-a12-blue-64-gb/p/itmbabb87f25be1f?pid=MOBGYCCGCCAAXUVV&lid=LSTMOBGYCCGCCAAXUVVLJK8QE&marketplace=FLIPKART&q=samsung+mobiles&store=tyy%2F4io&srno=s_3_63&otracker=AS_QueryStore_OrganicAutoSuggest_1_10_na_na_ps&otracker1=AS_QueryStore_OrganicAutoSuggest_1_10_na_na_ps&fm=SEARCH&iid=83f3722a-dc88-4b87-8bee-4389b1a8484b.MOBGYCCGCCAAXUVV.SEARCH&ppt=sp&ppn=sp&ssid=zd6b5v5mzthw7m681631597415596&qH=0258c7d48242959a,"₹12,499"
SAMSUNG Guru 1200,/samsung-guru-1200/p/itmf54p4s6zyzstn?pid=MOBF54P4WHZ6PX6G&lid=LSTMOBF54P4WHZ6PX6GWO9WUG&marketplace=FLIPKART&q=samsung+mobiles&store=tyy%2F4io&srno=s_3_64&otracker=AS_QueryStore_OrganicAutoSuggest_1_10_na_na_ps&otracker1=AS_QueryStore_OrganicAutoSuggest_1_10_na_na_ps&fm=SEARCH&iid=83f3722a-dc88-4b87-8bee-4389b1a8484b.MOBF54P4WHZ6PX6G.SEARCH&ppt=sp&ppn=sp&ssid=zd6b5v5mzthw7m681631597415596&qH=0258c7d48242959a,"₹1,100"
"SAMSUNG Galaxy M11 (Violet, 64 GB)",/samsung-galaxy-m11-violet-64-gb/p/itmb748a6ba4c6d9?pid=MOBFRZZHZTY3GHCY&lid=LSTMOBFRZZHZTY3GHCYDXSSLL&marketplace=FLIPKART&q=samsung+mobiles&store=tyy%2F4io&srno=s_3_65&otracker=AS_QueryStore_OrganicAutoSuggest_1_10_na_na_ps&otracker1=AS_QueryStore_OrganicAutoSuggest_1_10_na_na_ps&fm=SEARCH&iid=83f3722a-dc88-4b87-8bee-4389b1a8484b.MOBFRZZHZTY3GHCY.SEARCH&ppt=sp&ppn=sp&ssid=zd6b5v5mzthw7m681631597415596&qH=0258c7d48242959a,"₹11,892"
"SAMSUNG M21 2021 Edition (Charcoal Black, 128 GB)",/samsung-m21-2021-charcoal-black-128-gb/p/itmf3788ac81d66b?pid=MOBG5FU4EDGEZVC2&lid=LSTMOBG5FU4EDGEZVC2BK2GZI&marketplace=FLIPKART&q=samsung+mobiles&store=tyy%2F4io&srno=s_3_66&otracker=AS_QueryStore_OrganicAutoSuggest_1_10_na_na_ps&otracker1=AS_QueryStore_OrganicAutoSuggest_1_10_na_na_ps&fm=SEARCH&iid=83f3722a-dc88-4b87-8bee-4389b1a8484b.MOBG5FU4EDGEZVC2.SEARCH&ppt=sp&ppn=sp&ssid=zd6b5v5mzthw7m681631597415596&qH=0258c7d48242959a,"₹15,370"
"SAMSUNG Galaxy A52s 5G (Awesome Violet, 128 GB)",/samsung-galaxy-a52s-5g-awesome-violet-128-gb/p/itme7b6d66b5ab82?pid=MOBG6YPZG9SAWYM6&lid=LSTMOBG6YPZG9SAWYM6SSCIPN&marketplace=FLIPKART&q=samsung+mobiles&store=tyy%2F4io&srno=s_3_67&otracker=AS_QueryStore_OrganicAutoSuggest_1_10_na_na_ps&otracker1=AS_QueryStore_OrganicAutoSuggest_1_10_na_na_ps&fm=SEARCH&iid=83f3722a-dc88-4b87-8bee-4389b1a8484b.MOBG6YPZG9SAWYM6.SEARCH&ppt=sp&ppn=sp&ssid=zd6b5v5mzthw7m681631597415596&qH=0258c7d48242959a,"₹35,999"
"SAMSUNG Galaxy A12 (Black, 128 GB)",/samsung-galaxy-a12-black-128-gb/p/itm0baf8b8344b2e?pid=MOBG5D9XFFAFZYHH&lid=LSTMOBG5D9XFFAFZYHHEB8RHW&marketplace=FLIPKART&q=samsung+mobiles&store=tyy%2F4io&srno=s_3_68&otracker=AS_QueryStore_OrganicAutoSuggest_1_10_na_na_ps&otracker1=AS_QueryStore_OrganicAutoSuggest_1_10_na_na_ps&fm=SEARCH&iid=83f3722a-dc88-4b87-8bee-4389b1a8484b.MOBG5D9XFFAFZYHH.SEARCH&ppt=sp&ppn=sp&ssid=zd6b5v5mzthw7m681631597415596&qH=0258c7d48242959a,"₹16,499"
"SAMSUNG Galaxy A12 (Blue, 64 GB)",/samsung-galaxy-a12-blue-64-gb/p/itm5e27f828a3075?pid=MOBG5FDPGGRFRYYQ&lid=LSTMOBG5FDPGGRFRYYQMEFSL4&marketplace=FLIPKART&q=samsung+mobiles&store=tyy%2F4io&srno=s_3_69&otracker=AS_QueryStore_OrganicAutoSuggest_1_10_na_na_ps&otracker1=AS_QueryStore_OrganicAutoSuggest_1_10_na_na_ps&fm=SEARCH&iid=83f3722a-dc88-4b87-8bee-4389b1a8484b.MOBG5FDPGGRFRYYQ.SEARCH&ppt=sp&ppn=sp&ssid=zd6b5v5mzthw7m681631597415596&qH=0258c7d48242959a,"₹15,999"
"SAMSUNG Galaxy A03s (Black, 32 GB)",/samsung-galaxy-a03s-black-32-gb/p/itm5c05090098184?pid=MOBG5NK9UZT8TYZU&lid=LSTMOBG5NK9UZT8TYZUZ08R0X&marketplace=FLIPKART&q=samsung+mobiles&store=tyy%2F4io&srno=s_3_70&otracker=AS_QueryStore_OrganicAutoSuggest_1_10_na_na_ps&otracker1=AS_QueryStore_OrganicAutoSuggest_1_10_na_na_ps&fm=SEARCH&iid=83f3722a-dc88-4b87-8bee-4389b1a8484b.MOBG5NK9UZT8TYZU.SEARCH&ppt=sp&ppn=sp&ssid=zd6b5v5mzthw7m681631597415596&qH=0258c7d48242959a,"₹11,499"
"SAMSUNG Galaxy A12 (Black, 128 GB)",/samsung-galaxy-a12-black-128-gb/p/itm0baf8b8344b2e?pid=MOBG5NDUSSTA3ADR&lid=LSTMOBG5NDUSSTA3ADRMBFL5P&marketplace=FLIPKART&q=samsung+mobiles&store=tyy%2F4io&srno=s_3_71&otracker=AS_QueryStore_OrganicAutoSuggest_1_10_na_na_ps&otracker1=AS_QueryStore_OrganicAutoSuggest_1_10_na_na_ps&fm=SEARCH&iid=83f3722a-dc88-4b87-8bee-4389b1a8484b.MOBG5NDUSSTA3ADR.SEARCH&ppt=sp&ppn=sp&ssid=zd6b5v5mzthw7m681631597415596&qH=0258c7d48242959a,"₹15,843"
"SAMSUNG Galaxy F02s (Diamond Black, 64 GB)",/samsung-galaxy-f02s-diamond-black-64-gb/p/itm9bd7eed56f2cf?pid=MOBGFG79NYAKZFH5&lid=LSTMOBGFG79NYAKZFH57TJ6C3&marketplace=FLIPKART&q=samsung+mobiles&store=tyy%2F4io&srno=s_3_72&otracker=AS_QueryStore_OrganicAutoSuggest_1_10_na_na_ps&otracker1=AS_QueryStore_OrganicAutoSuggest_1_10_na_na_ps&fm=SEARCH&iid=83f3722a-dc88-4b87-8bee-4389b1a8484b.MOBGFG79NYAKZFH5.SEARCH&ppt=sp&ppn=sp&ssid=zd6b5v5mzthw7m681631597415596&qH=0258c7d48242959a,"₹10,499"
"SAMSUNG Galaxy A12 (White, 128 GB)",/samsung-galaxy-a12-white-128-gb/p/itm80b26a6a019ca?pid=MOBG5D9X2ZUSHJFY&lid=LSTMOBG5D9X2ZUSHJFYZRQ7SI&marketplace=FLIPKART&q=samsung+mobiles&store=tyy%2F4io&srno=s_4_73&otracker=AS_QueryStore_OrganicAutoSuggest_1_10_na_na_ps&otracker1=AS_QueryStore_OrganicAutoSuggest_1_10_na_na_ps&fm=SEARCH&iid=b067c2e3-0cc2-4764-9218-569fdad968b5.MOBG5D9X2ZUSHJFY.SEARCH&ppt=sp&ppn=sp&ssid=zd6b5v5mzthw7m681631597415596&qH=0258c7d48242959a,"₹16,499"
"SAMSUNG Galaxy A52s 5G (Awesome White, 128 GB)",/samsung-galaxy-a52s-5g-awesome-white-128-gb/p/itmbdfa6e0edd306?pid=MOBG6YPZJZGRT8GX&lid=LSTMOBG6YPZJZGRT8GXJPY8DM&marketplace=FLIPKART&q=samsung+mobiles&store=tyy%2F4io&srno=s_4_74&otracker=AS_QueryStore_OrganicAutoSuggest_1_10_na_na_ps&otracker1=AS_QueryStore_OrganicAutoSuggest_1_10_na_na_ps&fm=SEARCH&iid=b067c2e3-0cc2-4764-9218-569fdad968b5.MOBG6YPZJZGRT8GX.SEARCH&ppt=sp&ppn=sp&ssid=zd6b5v5mzthw7m681631597415596&qH=0258c7d48242959a,"₹35,999"
"SAMSUNG Galaxy A12 (White, 128 GB)",/samsung-galaxy-a12-white-128-gb/p/itm80b26a6a019ca?pid=MOBG5MHTHB6HTZF5&lid=LSTMOBG5MHTHB6HTZF5FAAYMT&marketplace=FLIPKART&q=samsung+mobiles&store=tyy%2F4io&srno=s_4_75&otracker=AS_QueryStore_OrganicAutoSuggest_1_10_na_na_ps&otracker1=AS_QueryStore_OrganicAutoSuggest_1_10_na_na_ps&fm=SEARCH&iid=b067c2e3-0cc2-4764-9218-569fdad968b5.MOBG5MHTHB6HTZF5.SEARCH&ppt=sp&ppn=sp&ssid=zd6b5v5mzthw7m681631597415596&qH=0258c7d48242959a,"₹15,899"
"SAMSUNG Galaxy F62 (Laser Blue, 128 GB)",/samsung-galaxy-f62-laser-blue-128-gb/p/itmba1329c393a14?pid=MOBFZWSTSZGFGGTR&lid=LSTMOBFZWSTSZGFGGTREMWENA&marketplace=FLIPKART&q=samsung+mobiles&store=tyy%2F4io&srno=s_4_76&otracker=AS_QueryStore_OrganicAutoSuggest_1_10_na_na_ps&otracker1=AS_QueryStore_OrganicAutoSuggest_1_10_na_na_ps&fm=SEARCH&iid=b067c2e3-0cc2-4764-9218-569fdad968b5.MOBFZWSTSZGFGGTR.SEARCH&ppt=sp&ppn=sp&ssid=zd6b5v5mzthw7m681631597415596&qH=0258c7d48242959a,"₹25,999"
"SAMSUNG Galaxy A21s (White, 64 GB)",/samsung-galaxy-a21s-white-64-gb/p/itmcdf5214511a42?pid=MOBFSFMJFZDCCQZT&lid=LSTMOBFSFMJFZDCCQZTVR3CYI&marketplace=FLIPKART&q=samsung+mobiles&store=tyy%2F4io&srno=s_4_77&otracker=AS_QueryStore_OrganicAutoSuggest_1_10_na_na_ps&otracker1=AS_QueryStore_OrganicAutoSuggest_1_10_na_na_ps&fm=SEARCH&iid=b067c2e3-0cc2-4764-9218-569fdad968b5.MOBFSFMJFZDCCQZT.SEARCH&ppt=sp&ppn=sp&ssid=zd6b5v5mzthw7m681631597415596&qH=0258c7d48242959a,"₹16,489"
"SAMSUNG Galaxy A31 (Prism Crush White, 128 GB)",/samsung-galaxy-a31-prism-crush-white-128-gb/p/itma110137399bdc?pid=MOBFRZZHFMBJC4A6&lid=LSTMOBFRZZHFMBJC4A6YXN5EH&marketplace=FLIPKART&q=samsung+mobiles&store=tyy%2F4io&srno=s_4_78&otracker=AS_QueryStore_OrganicAutoSuggest_1_10_na_na_ps&otracker1=AS_QueryStore_OrganicAutoSuggest_1_10_na_na_ps&fm=SEARCH&iid=b067c2e3-0cc2-4764-9218-569fdad968b5.MOBFRZZHFMBJC4A6.SEARCH&ppt=sp&ppn=sp&ssid=zd6b5v5mzthw7m681631597415596&qH=0258c7d48242959a,"₹22,999"
SAMSUNG Guru Music 2,/samsung-guru-music-2/p/itme9tgwmffh64cy?pid=MOBE9TGVE7ZBRAEN&lid=LSTMOBE9TGVE7ZBRAENWRRVPV&marketplace=FLIPKART&q=samsung+mobiles&store=tyy%2F4io&srno=s_4_79&otracker=AS_QueryStore_OrganicAutoSuggest_1_10_na_na_ps&otracker1=AS_QueryStore_OrganicAutoSuggest_1_10_na_na_ps&fm=SEARCH&iid=b067c2e3-0cc2-4764-9218-569fdad968b5.MOBE9TGVE7ZBRAEN.SEARCH&ppt=sp&ppn=sp&ssid=zd6b5v5mzthw7m681631597415596&qH=0258c7d48242959a,"₹1,625"
"SAMSUNG Galaxy A52 (Awesome Black, 128 GB)",/samsung-galaxy-a52-awesome-black-128-gb/p/itmddac817eb7196?pid=MOBGF8GPZFGZW2GD&lid=LSTMOBGF8GPZFGZW2GDU1TARK&marketplace=FLIPKART&q=samsung+mobiles&store=tyy%2F4io&srno=s_4_80&otracker=AS_QueryStore_OrganicAutoSuggest_1_10_na_na_ps&otracker1=AS_QueryStore_OrganicAutoSuggest_1_10_na_na_ps&fm=SEARCH&iid=b067c2e3-0cc2-4764-9218-569fdad968b5.MOBGF8GPZFGZW2GD.SEARCH&ppt=sp&ppn=sp&ssid=zd6b5v5mzthw7m681631597415596&qH=0258c7d48242959a,"₹27,499"
SAMSUNG Guru 1200,/samsung-guru-1200/p/itmeb6w98vmhffjy?pid=MOBDA2CFCQ6CFHTZ&lid=LSTMOBDA2CFCQ6CFHTZTQG2I7&marketplace=FLIPKART&q=samsung+mobiles&store=tyy%2F4io&srno=s_4_81&otracker=AS_QueryStore_OrganicAutoSuggest_1_10_na_na_ps&otracker1=AS_QueryStore_OrganicAutoSuggest_1_10_na_na_ps&fm=SEARCH&iid=b067c2e3-0cc2-4764-9218-569fdad968b5.MOBDA2CFCQ6CFHTZ.SEARCH&ppt=sp&ppn=sp&ssid=zd6b5v5mzthw7m681631597415596&qH=0258c7d48242959a,"₹1,100"
SAMSUNG Metro 313 Dual Sim,/samsung-metro-313-dual-sim/p/itmeugbhqspvrmua?pid=MOBEUGBKUHTFERGW&lid=LSTMOBEUGBKUHTFERGWOVWMXX&marketplace=FLIPKART&q=samsung+mobiles&store=tyy%2F4io&srno=s_4_82&otracker=AS_QueryStore_OrganicAutoSuggest_1_10_na_na_ps&otracker1=AS_QueryStore_OrganicAutoSuggest_1_10_na_na_ps&fm=SEARCH&iid=b067c2e3-0cc2-4764-9218-569fdad968b5.MOBEUGBKUHTFERGW.SEARCH&ppt=sp&ppn=sp&ssid=zd6b5v5mzthw7m681631597415596&qH=0258c7d48242959a,"₹2,025"
"SAMSUNG Galaxy A52 (Awesome Black, 128 GB)",/samsung-galaxy-a52-awesome-black-128-gb/p/itm5feabe9940402?pid=MOBGF8GPQMN4YGPN&lid=LSTMOBGF8GPQMN4YGPNZEEZTZ&marketplace=FLIPKART&q=samsung+mobiles&store=tyy%2F4io&srno=s_4_83&otracker=AS_QueryStore_OrganicAutoSuggest_1_10_na_na_ps&otracker1=AS_QueryStore_OrganicAutoSuggest_1_10_na_na_ps&fm=SEARCH&iid=b067c2e3-0cc2-4764-9218-569fdad968b5.MOBGF8GPQMN4YGPN.SEARCH&ppt=sp&ppn=sp&ssid=zd6b5v5mzthw7m681631597415596&qH=0258c7d48242959a,"₹28,999"
"SAMSUNG Galaxy A12 (Blue, 128 GB)",/samsung-galaxy-a12-blue-128-gb/p/itm55c50aa54e313?pid=MOBG5MEQGNY3KWKD&lid=LSTMOBG5MEQGNY3KWKDIWNO8Y&marketplace=FLIPKART&q=samsung+mobiles&store=tyy%2F4io&srno=s_4_84&otracker=AS_QueryStore_OrganicAutoSuggest_1_10_na_na_ps&otracker1=AS_QueryStore_OrganicAutoSuggest_1_10_na_na_ps&fm=SEARCH&iid=b067c2e3-0cc2-4764-9218-569fdad968b5.MOBG5MEQGNY3KWKD.SEARCH&ppt=sp&ppn=sp&ssid=zd6b5v5mzthw7m681631597415596&qH=0258c7d48242959a,"₹15,843"
"SAMSUNG Galaxy A70s (Prism Crush Red, 128 GB)",/samsung-galaxy-a70s-prism-crush-red-128-gb/p/itmff05153bfcfa0?pid=MOBFKKGRHVDRVUY6&lid=LSTMOBFKKGRHVDRVUY6RCARTS&marketplace=FLIPKART&q=samsung+mobiles&store=tyy%2F4io&srno=s_4_85&otracker=AS_QueryStore_OrganicAutoSuggest_1_10_na_na_ps&otracker1=AS_QueryStore_OrganicAutoSuggest_1_10_na_na_ps&fm=SEARCH&iid=b067c2e3-0cc2-4764-9218-569fdad968b5.MOBFKKGRHVDRVUY6.SEARCH&ppt=sp&ppn=sp&ssid=zd6b5v5mzthw7m681631597415596&qH=0258c7d48242959a,"₹33,100"
"SAMSUNG Galaxy Z Flip3 5G (Phantom Black, 256 GB)",/samsung-galaxy-z-flip3-5g-phantom-black-256-gb/p/itmc3d5457739eb9?pid=MOBG6YQHQJNYYSNB&lid=LSTMOBG6YQHQJNYYSNBC7ZOB3&marketplace=FLIPKART&q=samsung+mobiles&store=tyy%2F4io&srno=s_4_86&otracker=AS_QueryStore_OrganicAutoSuggest_1_10_na_na_ps&otracker1=AS_QueryStore_OrganicAutoSuggest_1_10_na_na_ps&fm=SEARCH&iid=b067c2e3-0cc2-4764-9218-569fdad968b5.MOBG6YQHQJNYYSNB.SEARCH&ppt=sp&ppn=sp&ssid=zd6b5v5mzthw7m681631597415596&qH=0258c7d48242959a,"₹88,999"
SAMSUNG Metro 313 Dual Sim,/samsung-metro-313-dual-sim/p/itmeu7kpzwu74ezu?pid=MOBEU7KPT3FFWJDJ&lid=LSTMOBEU7KPT3FFWJDJTFU28P&marketplace=FLIPKART&q=samsung+mobiles&store=tyy%2F4io&srno=s_4_87&otracker=AS_QueryStore_OrganicAutoSuggest_1_10_na_na_ps&otracker1=AS_QueryStore_OrganicAutoSuggest_1_10_na_na_ps&fm=SEARCH&iid=b067c2e3-0cc2-4764-9218-569fdad968b5.MOBEU7KPT3FFWJDJ.SEARCH&ppt=sp&ppn=sp&ssid=zd6b5v5mzthw7m681631597415596&qH=0258c7d48242959a,"₹2,025"
"SAMSUNG Galaxy Z Flip3 5G (Phantom Black, 128 GB)",/samsung-galaxy-z-flip3-5g-phantom-black-128-gb/p/itmd8b4853f4ad57?pid=MOBG6YQHTG9ZJSG4&lid=LSTMOBG6YQHTG9ZJSG4FBMQPP&marketplace=FLIPKART&q=samsung+mobiles&store=tyy%2F4io&srno=s_4_88&otracker=AS_QueryStore_OrganicAutoSuggest_1_10_na_na_ps&otracker1=AS_QueryStore_OrganicAutoSuggest_1_10_na_na_ps&fm=SEARCH&iid=b067c2e3-0cc2-4764-9218-569fdad968b5.MOBG6YQHTG9ZJSG4.SEARCH&ppt=sp&ppn=sp&ssid=zd6b5v5mzthw7m681631597415596&qH=0258c7d48242959a,"₹84,999"
"SAMSUNG Galaxy M21 2021 Edition (Arctic Blue, 64 GB)",/samsung-galaxy-m21-2021-arctic-blue-64-gb/p/itmee2074eb70c13?pid=MOBG5V9ZMYUBS3TT&lid=LSTMOBG5V9ZMYUBS3TT53OL3V&marketplace=FLIPKART&q=samsung+mobiles&store=tyy%2F4io&srno=s_4_89&otracker=AS_QueryStore_OrganicAutoSuggest_1_10_na_na_ps&otracker1=AS_QueryStore_OrganicAutoSuggest_1_10_na_na_ps&fm=SEARCH&iid=b067c2e3-0cc2-4764-9218-569fdad968b5.MOBG5V9ZMYUBS3TT.SEARCH&ppt=sp&ppn=sp&ssid=zd6b5v5mzthw7m681631597415596&qH=0258c7d48242959a,"₹13,980"
"SAMSUNG M32 (Slate Black, 128 GB)",/samsung-m32-slate-black-128-gb/p/itm294bee762f206?pid=MOBG6JM6RTU6RH6Q&lid=LSTMOBG6JM6RTU6RH6QW35Q3M&marketplace=FLIPKART&q=samsung+mobiles&store=tyy%2F4io&srno=s_4_90&otracker=AS_QueryStore_OrganicAutoSuggest_1_10_na_na_ps&otracker1=AS_QueryStore_OrganicAutoSuggest_1_10_na_na_ps&fm=SEARCH&iid=b067c2e3-0cc2-4764-9218-569fdad968b5.MOBG6JM6RTU6RH6Q.SEARCH&ppt=sp&ppn=sp&ssid=zd6b5v5mzthw7m681631597415596&qH=0258c7d48242959a,"₹21,999"
"SAMSUNG M32 (Sky blue, 128 GB)",/samsung-m32-sky-blue-128-gb/p/itm294bee762f206?pid=MOBG6JQKDKEDPJHH&lid=LSTMOBG6JQKDKEDPJHHWFI30D&marketplace=FLIPKART&q=samsung+mobiles&store=tyy%2F4io&srno=s_4_91&otracker=AS_QueryStore_OrganicAutoSuggest_1_10_na_na_ps&otracker1=AS_QueryStore_OrganicAutoSuggest_1_10_na_na_ps&fm=SEARCH&iid=b067c2e3-0cc2-4764-9218-569fdad968b5.MOBG6JQKDKEDPJHH.SEARCH&ppt=sp&ppn=sp&ssid=zd6b5v5mzthw7m681631597415596&qH=0258c7d48242959a,"₹21,999"
"SAMSUNG Galaxy A12 (White, 64 GB)",/samsung-galaxy-a12-white-64-gb/p/itme32c0badb2c81?pid=MOBG5FDPHYEDZQCC&lid=LSTMOBG5FDPHYEDZQCCH3KMEF&marketplace=FLIPKART&q=samsung+mobiles&store=tyy%2F4io&srno=s_4_92&otracker=AS_QueryStore_OrganicAutoSuggest_1_10_na_na_ps&otracker1=AS_QueryStore_OrganicAutoSuggest_1_10_na_na_ps&fm=SEARCH&iid=b067c2e3-0cc2-4764-9218-569fdad968b5.MOBG5FDPHYEDZQCC.SEARCH&ppt=sp&ppn=sp&ssid=zd6b5v5mzthw7m681631597415596&qH=0258c7d48242959a,"₹15,999"
"SAMSUNG Galaxy Z Flip3 5G (Cream, 128 GB)",/samsung-galaxy-z-flip3-5g-cream-128-gb/p/itm5bf00206a70e3?pid=MOBG6YQHHB84XVGN&lid=LSTMOBG6YQHHB84XVGNHYTVRP&marketplace=FLIPKART&q=samsung+mobiles&store=tyy%2F4io&srno=s_4_93&otracker=AS_QueryStore_OrganicAutoSuggest_1_10_na_na_ps&otracker1=AS_QueryStore_OrganicAutoSuggest_1_10_na_na_ps&fm=SEARCH&iid=b067c2e3-0cc2-4764-9218-569fdad968b5.MOBG6YQHHB84XVGN.SEARCH&ppt=sp&ppn=sp&ssid=zd6b5v5mzthw7m681631597415596&qH=0258c7d48242959a,"₹84,999"
SAMSUNG Guru FM Plus SM-B110E/D,/samsung-guru-fm-plus-sm-b110e-d/p/itmew8srgqg73y6p?pid=MOBEA9SJWSGMFVPP&lid=LSTMOBEA9SJWSGMFVPPQPHOGB&marketplace=FLIPKART&q=samsung+mobiles&store=tyy%2F4io&srno=s_4_94&otracker=AS_QueryStore_OrganicAutoSuggest_1_10_na_na_ps&otracker1=AS_QueryStore_OrganicAutoSuggest_1_10_na_na_ps&fm=SEARCH&iid=b067c2e3-0cc2-4764-9218-569fdad968b5.MOBEA9SJWSGMFVPP.SEARCH&ppt=sp&ppn=sp&ssid=zd6b5v5mzthw7m681631597415596&qH=0258c7d48242959a,"₹1,375"
"SAMSUNG Galaxy Note 20 (Mystic Green, 256 GB)",/samsung-galaxy-note-20-mystic-green-256-gb/p/itm024a31c732799?pid=MOBFU5WYVAAGDCGW&lid=LSTMOBFU5WYVAAGDCGWKJD8SS&marketplace=FLIPKART&q=samsung+mobiles&store=tyy%2F4io&srno=s_4_95&otracker=AS_QueryStore_OrganicAutoSuggest_1_10_na_na_ps&otracker1=AS_QueryStore_OrganicAutoSuggest_1_10_na_na_ps&fm=SEARCH&iid=b067c2e3-0cc2-4764-9218-569fdad968b5.MOBFU5WYVAAGDCGW.SEARCH&ppt=sp&ppn=sp&ssid=zd6b5v5mzthw7m681631597415596&qH=0258c7d48242959a,"₹77,999"
"SAMSUNG Galaxy A71 (Haze Crush Silver, 128 GB)",/samsung-galaxy-a71-haze-crush-silver-128-gb/p/itm8ea4e16907549?pid=MOBFTQDBQRGVNGAZ&lid=LSTMOBFTQDBQRGVNGAZLF0QBD&marketplace=FLIPKART&q=samsung+mobiles&store=tyy%2F4io&srno=s_4_96&otracker=AS_QueryStore_OrganicAutoSuggest_1_10_na_na_ps&otracker1=AS_QueryStore_OrganicAutoSuggest_1_10_na_na_ps&fm=SEARCH&iid=b067c2e3-0cc2-4764-9218-569fdad968b5.MOBFTQDBQRGVNGAZ.SEARCH&ppt=sp&ppn=sp&ssid=zd6b5v5mzthw7m681631597415596&qH=0258c7d48242959a,"₹27,499"
SAMSUNG Metro 313 Dual Sim,/samsung-metro-313-dual-sim/p/itmebdgsvgcbg4n6?pid=MOBEBDGSFTRFYGUP&lid=LSTMOBEBDGSFTRFYGUPBOZJN7&marketplace=FLIPKART&q=samsung+mobiles&store=tyy%2F4io&srno=s_5_97&otracker=AS_QueryStore_OrganicAutoSuggest_1_10_na_na_ps&otracker1=AS_QueryStore_OrganicAutoSuggest_1_10_na_na_ps&fm=SEARCH&iid=43987949-a869-4e94-9f63-b7ec22554d14.MOBEBDGSFTRFYGUP.SEARCH&ppt=sp&ppn=sp&ssid=zd6b5v5mzthw7m681631597415596&qH=0258c7d48242959a,"₹2,290"
SAMSUNG Guru Music 2,/samsung-guru-music-2/p/itme9zfpajsaffyj?pid=MOBE9NT8G2QRT2Z4&lid=LSTMOBE9NT8G2QRT2Z4Z5SZXM&marketplace=FLIPKART&q=samsung+mobiles&store=tyy%2F4io&srno=s_5_98&otracker=AS_QueryStore_OrganicAutoSuggest_1_10_na_na_ps&otracker1=AS_QueryStore_OrganicAutoSuggest_1_10_na_na_ps&fm=SEARCH&iid=43987949-a869-4e94-9f63-b7ec22554d14.MOBE9NT8G2QRT2Z4.SEARCH&ppt=sp&ppn=sp&ssid=zd6b5v5mzthw7m681631597415596&qH=0258c7d48242959a,"₹1,625"
"SAMSUNG Galaxy A22 5G (Violet, 128 GB)",/samsung-galaxy-a22-5g-violet-128-gb/p/itm8a55129bbe105?pid=MOBG54F2CKPSNQDR&lid=LSTMOBG54F2CKPSNQDROXP7FQ&marketplace=FLIPKART&q=samsung+mobiles&store=tyy%2F4io&srno=s_5_99&otracker=AS_QueryStore_OrganicAutoSuggest_1_10_na_na_ps&otracker1=AS_QueryStore_OrganicAutoSuggest_1_10_na_na_ps&fm=SEARCH&iid=43987949-a869-4e94-9f63-b7ec22554d14.MOBG54F2CKPSNQDR.SEARCH&ppt=sp&ppn=sp&ssid=zd6b5v5mzthw7m681631597415596&qH=0258c7d48242959a,"₹19,999"
"SAMSUNG Galaxy Z Flip3 5G (Cream, 256 GB)",/samsung-galaxy-z-flip3-5g-cream-256-gb/p/itme2f3946838ebf?pid=MOBG6YQHJZKMW7ZC&lid=LSTMOBG6YQHJZKMW7ZCQNHGBL&marketplace=FLIPKART&q=samsung+mobiles&store=tyy%2F4io&srno=s_5_100&otracker=AS_QueryStore_OrganicAutoSuggest_1_10_na_na_ps&otracker1=AS_QueryStore_OrganicAutoSuggest_1_10_na_na_ps&fm=SEARCH&iid=43987949-a869-4e94-9f63-b7ec22554d14.MOBG6YQHJZKMW7ZC.SEARCH&ppt=sp&ppn=sp&ssid=zd6b5v5mzthw7m681631597415596&qH=0258c7d48242959a,"₹88,999"
